"","no","ka"
"1","1","一"
"2","2","二"
"3","3","三"
"4","4","四"
"5","5","五"
"6","6","六"
"7","7","七"
"8","8","八"
"9","9","九"
"10","10","十"
"11","11","口"
"12","12","日"
"13","13","月"
"14","14","田"
"15","15","目"
"16","16","古"
"17","17","吾"
"18","18","冒"
"19","19","朋"
"20","20","明"
"21","21","唱"
"22","22","晶"
"23","23","品"
"24","24","呂"
"25","25","昌"
"26","26","早"
"27","27","旭"
"28","28","世"
"29","29","胃"
"30","30","旦"
"31","31","胆"
"32","32","亘"
"33","33","凹"
"34","34","凸"
"35","35","旧"
"36","36","自"
"37","37","白"
"38","38","百"
"39","39","中"
"40","40","千"
"41","41","舌"
"42","42","升"
"43","43","昇"
"44","44","丸"
"45","45","寸"
"46","46","専"
"47","47","博"
"48","48","占"
"49","49","上"
"50","50","下"
"51","51","卓"
"52","52","朝"
"53","53","只"
"54","54","貝"
"55","55","貞"
"56","56","員"
"57","57","見"
"58","58","児"
"59","59","元"
"60","60","頁"
"61","61","頑"
"62","62","凡"
"63","63","負"
"64","64","万"
"65","65","句"
"66","66","肌"
"67","67","旬"
"68","68","勺"
"69","69","的"
"70","70","首"
"71","71","乙"
"72","72","乱"
"73","73","直"
"74","74","具"
"75","75","真"
"76","76","工"
"77","77","左"
"78","78","右"
"79","79","有"
"80","80","賄"
"81","81","貢"
"82","82","項"
"83","83","刀"
"84","84","刃"
"85","85","切"
"86","86","召"
"87","87","昭"
"88","88","則"
"89","89","副"
"90","90","別"
"91","91","丁"
"92","92","町"
"93","93","可"
"94","94","頂"
"95","95","子"
"96","96","孔"
"97","97","了"
"98","98","女"
"99","99","好"
"100","100","如"
"101","101","母"
"102","102","貫"
"103","103","兄"
"104","104","克"
"105","105","小"
"106","106","少"
"107","107","大"
"108","108","多"
"109","109","夕"
"110","110","汐"
"111","111","外"
"112","112","名"
"113","113","石"
"114","114","肖"
"115","115","硝"
"116","116","砕"
"117","117","砂"
"118","118","削"
"119","119","光"
"120","120","太"
"121","121","器"
"122","122","臭"
"123","123","妙"
"124","124","省"
"125","125","厚"
"126","126","奇"
"127","127","川"
"128","128","州"
"129","129","順"
"130","130","水"
"131","131","氷"
"132","132","永"
"133","133","泉"
"134","134","原"
"135","135","願"
"136","136","泳"
"137","137","沼"
"138","138","沖"
"139","139","江"
"140","140","汁"
"141","141","潮"
"142","142","源"
"143","143","活"
"144","144","消"
"145","145","況"
"146","146","河"
"147","147","泊"
"148","148","湖"
"149","149","測"
"150","150","土"
"151","151","吐"
"152","152","圧"
"153","153","埼"
"154","154","垣"
"155","155","圭"
"156","156","封"
"157","157","涯"
"158","158","寺"
"159","159","時"
"160","160","均"
"161","161","火"
"162","162","炎"
"163","163","煩"
"164","164","淡"
"165","165","灯"
"166","166","畑"
"167","167","災"
"168","168","灰"
"169","169","点"
"170","170","照"
"171","171","魚"
"172","172","漁"
"173","173","里"
"174","174","黒"
"175","175","墨"
"176","176","鯉"
"177","177","量"
"178","178","厘"
"179","179","埋"
"180","180","同"
"181","181","洞"
"182","182","胴"
"183","183","向"
"184","184","尚"
"185","185","字"
"186","186","守"
"187","187","完"
"188","188","宣"
"189","189","宵"
"190","190","安"
"191","191","宴"
"192","192","寄"
"193","193","富"
"194","194","貯"
"195","195","木"
"196","196","林"
"197","197","森"
"198","198","桂"
"199","199","柏"
"200","200","枠"
"201","201","梢"
"202","202","棚"
"203","203","杏"
"204","204","桐"
"205","205","植"
"206","206","枯"
"207","207","朴"
"208","208","村"
"209","209","相"
"210","210","机"
"211","211","本"
"212","212","札"
"213","213","暦"
"214","214","案"
"215","215","燥"
"216","216","未"
"217","217","末"
"218","218","沫"
"219","219","味"
"220","220","妹"
"221","221","朱"
"222","222","株"
"223","223","若"
"224","224","草"
"225","225","苦"
"226","226","寛"
"227","227","薄"
"228","228","葉"
"229","229","模"
"230","230","漠"
"231","231","墓"
"232","232","暮"
"233","233","膜"
"234","234","苗"
"235","235","兆"
"236","236","桃"
"237","237","眺"
"238","238","犬"
"239","239","状"
"240","240","黙"
"241","241","然"
"242","242","荻"
"243","243","狩"
"244","244","猫"
"245","245","牛"
"246","246","特"
"247","247","告"
"248","248","先"
"249","249","洗"
"250","250","介"
"251","251","界"
"252","252","茶"
"253","253","合"
"254","254","塔"
"255","255","王"
"256","256","玉"
"257","257","宝"
"258","258","珠"
"259","259","現"
"260","260","狂"
"261","261","皇"
"262","262","呈"
"263","263","全"
"264","264","栓"
"265","265","理"
"266","266","主"
"267","267","注"
"268","268","柱"
"269","269","金"
"270","270","銑"
"271","271","鉢"
"272","272","銅"
"273","273","釣"
"274","274","針"
"275","275","銘"
"276","276","鎮"
"277","277","道"
"278","278","導"
"279","279","辻"
"280","280","迅"
"281","281","造"
"282","282","迫"
"283","283","逃"
"284","284","辺"
"285","285","巡"
"286","286","車"
"287","287","連"
"288","288","軌"
"289","289","輸"
"290","290","前"
"291","291","各"
"292","292","格"
"293","293","略"
"294","294","客"
"295","295","額"
"296","296","夏"
"297","297","処"
"298","298","条"
"299","299","落"
"300","300","冗"
"301","301","軍"
"302","302","輝"
"303","303","運"
"304","304","冠"
"305","305","夢"
"306","306","坑"
"307","307","高"
"308","308","享"
"309","309","塾"
"310","310","熟"
"311","311","亭"
"312","312","京"
"313","313","涼"
"314","314","景"
"315","315","鯨"
"316","316","舎"
"317","317","周"
"318","318","週"
"319","319","士"
"320","320","吉"
"321","321","壮"
"322","322","荘"
"323","323","売"
"324","324","学"
"325","325","覚"
"326","326","栄"
"327","327","書"
"328","328","津"
"329","329","牧"
"330","330","攻"
"331","331","敗"
"332","332","枚"
"333","333","故"
"334","334","敬"
"335","335","言"
"336","336","警"
"337","337","計"
"338","338","獄"
"339","339","訂"
"340","340","討"
"341","341","訓"
"342","342","詔"
"343","343","詰"
"344","344","話"
"345","345","詠"
"346","346","詩"
"347","347","語"
"348","348","読"
"349","349","調"
"350","350","談"
"351","351","諾"
"352","352","諭"
"353","353","式"
"354","354","試"
"355","355","弐"
"356","356","域"
"357","357","賊"
"358","358","栽"
"359","359","載"
"360","360","茂"
"361","361","成"
"362","362","城"
"363","363","誠"
"364","364","威"
"365","365","滅"
"366","366","減"
"367","367","桟"
"368","368","銭"
"369","369","浅"
"370","370","止"
"371","371","歩"
"372","372","渉"
"373","373","頻"
"374","374","肯"
"375","375","企"
"376","376","歴"
"377","377","武"
"378","378","賦"
"379","379","正"
"380","380","証"
"381","381","政"
"382","382","定"
"383","383","錠"
"384","384","走"
"385","385","超"
"386","386","赴"
"387","387","越"
"388","388","是"
"389","389","題"
"390","390","堤"
"391","391","建"
"392","392","延"
"393","393","誕"
"394","394","礎"
"395","395","婿"
"396","396","衣"
"397","397","裁"
"398","398","装"
"399","399","裏"
"400","400","壊"
"401","401","哀"
"402","402","遠"
"403","403","猿"
"404","404","初"
"405","405","布"
"406","406","帆"
"407","407","幅"
"408","408","帽"
"409","409","幕"
"410","410","幌"
"411","411","錦"
"412","412","市"
"413","413","姉"
"414","414","肺"
"415","415","帯"
"416","416","滞"
"417","417","刺"
"418","418","制"
"419","419","製"
"420","420","転"
"421","421","芸"
"422","422","雨"
"423","423","雲"
"424","424","曇"
"425","425","雷"
"426","426","霜"
"427","427","冬"
"428","428","天"
"429","429","橋"
"430","430","嬌"
"431","431","立"
"432","432","泣"
"433","433","章"
"434","434","競"
"435","435","帝"
"436","436","童"
"437","437","瞳"
"438","438","鐘"
"439","439","商"
"440","440","嫡"
"441","441","適"
"442","442","滴"
"443","443","敵"
"444","444","匕"
"445","445","北"
"446","446","背"
"447","447","比"
"448","448","昆"
"449","449","皆"
"450","450","混"
"451","451","渇"
"452","452","謁"
"453","453","褐"
"454","454","喝"
"455","455","旨"
"456","456","脂"
"457","457","壱"
"458","458","毎"
"459","459","敏"
"460","460","梅"
"461","461","海"
"462","462","乞"
"463","463","乾"
"464","464","腹"
"465","465","複"
"466","466","欠"
"467","467","吹"
"468","468","炊"
"469","469","歌"
"470","470","軟"
"471","471","次"
"472","472","茨"
"473","473","資"
"474","474","姿"
"475","475","諮"
"476","476","賠"
"477","477","培"
"478","478","剖"
"479","479","音"
"480","480","暗"
"481","481","韻"
"482","482","識"
"483","483","鏡"
"484","484","境"
"485","485","亡"
"486","486","盲"
"487","487","妄"
"488","488","荒"
"489","489","望"
"490","490","方"
"491","491","妨"
"492","492","坊"
"493","493","芳"
"494","494","肪"
"495","495","訪"
"496","496","放"
"497","497","激"
"498","498","脱"
"499","499","説"
"500","500","鋭"
"501","501","曽"
"502","502","増"
"503","503","贈"
"504","504","東"
"505","505","棟"
"506","506","凍"
"507","507","妊"
"508","508","廷"
"509","509","染"
"510","510","燃"
"511","511","賓"
"512","512","歳"
"513","513","県"
"514","514","栃"
"515","515","地"
"516","516","池"
"517","517","虫"
"518","518","蛍"
"519","519","蛇"
"520","520","虹"
"521","521","蝶"
"522","522","独"
"523","523","蚕"
"524","524","風"
"525","525","己"
"526","526","起"
"527","527","妃"
"528","528","改"
"529","529","記"
"530","530","包"
"531","531","胞"
"532","532","砲"
"533","533","泡"
"534","534","亀"
"535","535","電"
"536","536","竜"
"537","537","滝"
"538","538","豚"
"539","539","逐"
"540","540","遂"
"541","541","家"
"542","542","嫁"
"543","543","豪"
"544","544","腸"
"545","545","場"
"546","546","湯"
"547","547","羊"
"548","548","美"
"549","549","洋"
"550","550","詳"
"551","551","鮮"
"552","552","達"
"553","553","羨"
"554","554","差"
"555","555","着"
"556","556","唯"
"557","557","焦"
"558","558","礁"
"559","559","集"
"560","560","准"
"561","561","進"
"562","562","雑"
"563","563","雌"
"564","564","準"
"565","565","奮"
"566","566","奪"
"567","567","確"
"568","568","午"
"569","569","許"
"570","570","歓"
"571","571","権"
"572","572","観"
"573","573","羽"
"574","574","習"
"575","575","翌"
"576","576","曜"
"577","577","濯"
"578","578","曰"
"579","579","困"
"580","580","固"
"581","581","国"
"582","582","団"
"583","583","因"
"584","584","姻"
"585","585","園"
"586","586","回"
"587","587","壇"
"588","588","店"
"589","589","庫"
"590","590","庭"
"591","591","庁"
"592","592","床"
"593","593","麻"
"594","594","磨"
"595","595","心"
"596","596","忘"
"597","597","忍"
"598","598","認"
"599","599","忌"
"600","600","志"
"601","601","誌"
"602","602","忠"
"603","603","串"
"604","604","患"
"605","605","思"
"606","606","恩"
"607","607","応"
"608","608","意"
"609","609","想"
"610","610","息"
"611","611","憩"
"612","612","恵"
"613","613","恐"
"614","614","惑"
"615","615","感"
"616","616","憂"
"617","617","寡"
"618","618","忙"
"619","619","悦"
"620","620","恒"
"621","621","悼"
"622","622","悟"
"623","623","怖"
"624","624","慌"
"625","625","悔"
"626","626","憎"
"627","627","慣"
"628","628","愉"
"629","629","惰"
"630","630","慎"
"631","631","憾"
"632","632","憶"
"633","633","慕"
"634","634","添"
"635","635","必"
"636","636","泌"
"637","637","手"
"638","638","看"
"639","639","摩"
"640","640","我"
"641","641","義"
"642","642","議"
"643","643","犠"
"644","644","抹"
"645","645","抱"
"646","646","搭"
"647","647","抄"
"648","648","抗"
"649","649","批"
"650","650","招"
"651","651","拓"
"652","652","拍"
"653","653","打"
"654","654","拘"
"655","655","捨"
"656","656","拐"
"657","657","摘"
"658","658","挑"
"659","659","指"
"660","660","持"
"661","661","括"
"662","662","揮"
"663","663","推"
"664","664","揚"
"665","665","提"
"666","666","損"
"667","667","拾"
"668","668","担"
"669","669","拠"
"670","670","描"
"671","671","操"
"672","672","接"
"673","673","掲"
"674","674","掛"
"675","675","研"
"676","676","戒"
"677","677","械"
"678","678","鼻"
"679","679","刑"
"680","680","型"
"681","681","才"
"682","682","財"
"683","683","材"
"684","684","存"
"685","685","在"
"686","686","乃"
"687","687","携"
"688","688","及"
"689","689","吸"
"690","690","扱"
"691","691","丈"
"692","692","史"
"693","693","吏"
"694","694","更"
"695","695","硬"
"696","696","又"
"697","697","双"
"698","698","桑"
"699","699","隻"
"700","700","護"
"701","701","獲"
"702","702","奴"
"703","703","怒"
"704","704","友"
"705","705","抜"
"706","706","投"
"707","707","没"
"708","708","設"
"709","709","撃"
"710","710","殻"
"711","711","支"
"712","712","技"
"713","713","枝"
"714","714","肢"
"715","715","茎"
"716","716","怪"
"717","717","軽"
"718","718","叔"
"719","719","督"
"720","720","寂"
"721","721","淑"
"722","722","反"
"723","723","坂"
"724","724","板"
"725","725","返"
"726","726","販"
"727","727","爪"
"728","728","妥"
"729","729","乳"
"730","730","浮"
"731","731","将"
"732","732","奨"
"733","733","採"
"734","734","菜"
"735","735","受"
"736","736","授"
"737","737","愛"
"738","738","払"
"739","739","広"
"740","740","拡"
"741","741","鉱"
"742","742","弁"
"743","743","雄"
"744","744","台"
"745","745","怠"
"746","746","治"
"747","747","始"
"748","748","胎"
"749","749","窓"
"750","750","去"
"751","751","法"
"752","752","会"
"753","753","至"
"754","754","室"
"755","755","到"
"756","756","致"
"757","757","互"
"758","758","棄"
"759","759","育"
"760","760","撤"
"761","761","充"
"762","762","銃"
"763","763","硫"
"764","764","流"
"765","765","允"
"766","766","唆"
"767","767","出"
"768","768","山"
"769","769","拙"
"770","770","岩"
"771","771","炭"
"772","772","岐"
"773","773","峠"
"774","774","崩"
"775","775","密"
"776","776","蜜"
"777","777","嵐"
"778","778","崎"
"779","779","入"
"780","780","込"
"781","781","分"
"782","782","貧"
"783","783","頒"
"784","784","公"
"785","785","松"
"786","786","翁"
"787","787","訟"
"788","788","谷"
"789","789","浴"
"790","790","容"
"791","791","溶"
"792","792","欲"
"793","793","裕"
"794","794","鉛"
"795","795","沿"
"796","796","賞"
"797","797","党"
"798","798","堂"
"799","799","常"
"800","800","裳"
"801","801","掌"
"802","802","皮"
"803","803","波"
"804","804","婆"
"805","805","披"
"806","806","破"
"807","807","被"
"808","808","残"
"809","809","殉"
"810","810","殊"
"811","811","殖"
"812","812","列"
"813","813","裂"
"814","814","烈"
"815","815","死"
"816","816","葬"
"817","817","瞬"
"818","818","耳"
"819","819","取"
"820","820","趣"
"821","821","最"
"822","822","撮"
"823","823","恥"
"824","824","職"
"825","825","聖"
"826","826","敢"
"827","827","聴"
"828","828","懐"
"829","829","慢"
"830","830","漫"
"831","831","買"
"832","832","置"
"833","833","罰"
"834","834","寧"
"835","835","濁"
"836","836","環"
"837","837","還"
"838","838","夫"
"839","839","扶"
"840","840","渓"
"841","841","規"
"842","842","替"
"843","843","賛"
"844","844","潜"
"845","845","失"
"846","846","鉄"
"847","847","迭"
"848","848","臣"
"849","849","姫"
"850","850","蔵"
"851","851","臓"
"852","852","賢"
"853","853","堅"
"854","854","臨"
"855","855","覧"
"856","856","巨"
"857","857","拒"
"858","858","力"
"859","859","男"
"860","860","労"
"861","861","募"
"862","862","劣"
"863","863","功"
"864","864","勧"
"865","865","努"
"866","866","励"
"867","867","加"
"868","868","賀"
"869","869","架"
"870","870","脇"
"871","871","脅"
"872","872","協"
"873","873","行"
"874","874","律"
"875","875","復"
"876","876","得"
"877","877","従"
"878","878","徒"
"879","879","待"
"880","880","往"
"881","881","征"
"882","882","径"
"883","883","彼"
"884","884","役"
"885","885","徳"
"886","886","徹"
"887","887","徴"
"888","888","懲"
"889","889","微"
"890","890","街"
"891","891","衡"
"892","892","稿"
"893","893","稼"
"894","894","程"
"895","895","税"
"896","896","稚"
"897","897","和"
"898","898","移"
"899","899","秒"
"900","900","秋"
"901","901","愁"
"902","902","私"
"903","903","秩"
"904","904","秘"
"905","905","称"
"906","906","利"
"907","907","梨"
"908","908","穫"
"909","909","穂"
"910","910","稲"
"911","911","香"
"912","912","季"
"913","913","委"
"914","914","秀"
"915","915","透"
"916","916","誘"
"917","917","穀"
"918","918","菌"
"919","919","米"
"920","920","粉"
"921","921","粘"
"922","922","粒"
"923","923","粧"
"924","924","迷"
"925","925","粋"
"926","926","糧"
"927","927","菊"
"928","928","奥"
"929","929","数"
"930","930","楼"
"931","931","類"
"932","932","漆"
"933","933","様"
"934","934","求"
"935","935","球"
"936","936","救"
"937","937","竹"
"938","938","笑"
"939","939","笠"
"940","940","笹"
"941","941","筋"
"942","942","箱"
"943","943","筆"
"944","944","筒"
"945","945","等"
"946","946","算"
"947","947","答"
"948","948","策"
"949","949","簿"
"950","950","築"
"951","951","人"
"952","952","佐"
"953","953","但"
"954","954","住"
"955","955","位"
"956","956","仲"
"957","957","体"
"958","958","悠"
"959","959","件"
"960","960","仕"
"961","961","他"
"962","962","伏"
"963","963","伝"
"964","964","仏"
"965","965","休"
"966","966","仮"
"967","967","伯"
"968","968","俗"
"969","969","信"
"970","970","佳"
"971","971","依"
"972","972","例"
"973","973","個"
"974","974","健"
"975","975","側"
"976","976","侍"
"977","977","停"
"978","978","値"
"979","979","倣"
"980","980","倒"
"981","981","偵"
"982","982","僧"
"983","983","億"
"984","984","儀"
"985","985","償"
"986","986","仙"
"987","987","催"
"988","988","仁"
"989","989","侮"
"990","990","使"
"991","991","便"
"992","992","倍"
"993","993","優"
"994","994","伐"
"995","995","宿"
"996","996","傷"
"997","997","保"
"998","998","褒"
"999","999","傑"
"1000","1000","付"
"1001","1001","符"
"1002","1002","府"
"1003","1003","任"
"1004","1004","賃"
"1005","1005","代"
"1006","1006","袋"
"1007","1007","貸"
"1008","1008","化"
"1009","1009","花"
"1010","1010","貨"
"1011","1011","傾"
"1012","1012","何"
"1013","1013","荷"
"1014","1014","俊"
"1015","1015","傍"
"1016","1016","久"
"1017","1017","畝"
"1018","1018","囚"
"1019","1019","内"
"1020","1020","丙"
"1021","1021","柄"
"1022","1022","肉"
"1023","1023","腐"
"1024","1024","座"
"1025","1025","卒"
"1026","1026","傘"
"1027","1027","匁"
"1028","1028","以"
"1029","1029","似"
"1030","1030","併"
"1031","1031","瓦"
"1032","1032","瓶"
"1033","1033","宮"
"1034","1034","営"
"1035","1035","善"
"1036","1036","年"
"1037","1037","夜"
"1038","1038","液"
"1039","1039","塚"
"1040","1040","幣"
"1041","1041","弊"
"1042","1042","喚"
"1043","1043","換"
"1044","1044","融"
"1045","1045","施"
"1046","1046","旋"
"1047","1047","遊"
"1048","1048","旅"
"1049","1049","勿"
"1050","1050","物"
"1051","1051","易"
"1052","1052","賜"
"1053","1053","尿"
"1054","1054","尼"
"1055","1055","泥"
"1056","1056","塀"
"1057","1057","履"
"1058","1058","屋"
"1059","1059","握"
"1060","1060","屈"
"1061","1061","掘"
"1062","1062","堀"
"1063","1063","居"
"1064","1064","据"
"1065","1065","層"
"1066","1066","局"
"1067","1067","遅"
"1068","1068","漏"
"1069","1069","刷"
"1070","1070","尺"
"1071","1071","尽"
"1072","1072","沢"
"1073","1073","訳"
"1074","1074","択"
"1075","1075","昼"
"1076","1076","戸"
"1077","1077","肩"
"1078","1078","房"
"1079","1079","扇"
"1080","1080","炉"
"1081","1081","戻"
"1082","1082","涙"
"1083","1083","雇"
"1084","1084","顧"
"1085","1085","啓"
"1086","1086","示"
"1087","1087","礼"
"1088","1088","祥"
"1089","1089","祝"
"1090","1090","福"
"1091","1091","祉"
"1092","1092","社"
"1093","1093","視"
"1094","1094","奈"
"1095","1095","尉"
"1096","1096","慰"
"1097","1097","款"
"1098","1098","禁"
"1099","1099","襟"
"1100","1100","宗"
"1101","1101","崇"
"1102","1102","祭"
"1103","1103","察"
"1104","1104","擦"
"1105","1105","由"
"1106","1106","抽"
"1107","1107","油"
"1108","1108","袖"
"1109","1109","宙"
"1110","1110","届"
"1111","1111","笛"
"1112","1112","軸"
"1113","1113","甲"
"1114","1114","押"
"1115","1115","岬"
"1116","1116","挿"
"1117","1117","申"
"1118","1118","伸"
"1119","1119","神"
"1120","1120","捜"
"1121","1121","果"
"1122","1122","菓"
"1123","1123","課"
"1124","1124","裸"
"1125","1125","斤"
"1126","1126","析"
"1127","1127","所"
"1128","1128","祈"
"1129","1129","近"
"1130","1130","折"
"1131","1131","哲"
"1132","1132","逝"
"1133","1133","誓"
"1134","1134","暫"
"1135","1135","漸"
"1136","1136","断"
"1137","1137","質"
"1138","1138","斥"
"1139","1139","訴"
"1140","1140","昨"
"1141","1141","詐"
"1142","1142","作"
"1143","1143","雪"
"1144","1144","録"
"1145","1145","尋"
"1146","1146","急"
"1147","1147","穏"
"1148","1148","侵"
"1149","1149","浸"
"1150","1150","寝"
"1151","1151","婦"
"1152","1152","掃"
"1153","1153","当"
"1154","1154","争"
"1155","1155","浄"
"1156","1156","事"
"1157","1157","唐"
"1158","1158","糖"
"1159","1159","康"
"1160","1160","逮"
"1161","1161","伊"
"1162","1162","君"
"1163","1163","群"
"1164","1164","耐"
"1165","1165","需"
"1166","1166","儒"
"1167","1167","端"
"1168","1168","両"
"1169","1169","満"
"1170","1170","画"
"1171","1171","歯"
"1172","1172","曲"
"1173","1173","曹"
"1174","1174","遭"
"1175","1175","漕"
"1176","1176","槽"
"1177","1177","斗"
"1178","1178","料"
"1179","1179","科"
"1180","1180","図"
"1181","1181","用"
"1182","1182","庸"
"1183","1183","備"
"1184","1184","昔"
"1185","1185","錯"
"1186","1186","借"
"1187","1187","惜"
"1188","1188","措"
"1189","1189","散"
"1190","1190","廿"
"1191","1191","庶"
"1192","1192","遮"
"1193","1193","席"
"1194","1194","度"
"1195","1195","渡"
"1196","1196","奔"
"1197","1197","噴"
"1198","1198","墳"
"1199","1199","憤"
"1200","1200","焼"
"1201","1201","暁"
"1202","1202","半"
"1203","1203","伴"
"1204","1204","畔"
"1205","1205","判"
"1206","1206","券"
"1207","1207","巻"
"1208","1208","圏"
"1209","1209","勝"
"1210","1210","藤"
"1211","1211","謄"
"1212","1212","片"
"1213","1213","版"
"1214","1214","之"
"1215","1215","乏"
"1216","1216","芝"
"1217","1217","不"
"1218","1218","否"
"1219","1219","杯"
"1220","1220","矢"
"1221","1221","矯"
"1222","1222","族"
"1223","1223","知"
"1224","1224","智"
"1225","1225","矛"
"1226","1226","柔"
"1227","1227","務"
"1228","1228","霧"
"1229","1229","班"
"1230","1230","帰"
"1231","1231","弓"
"1232","1232","引"
"1233","1233","弔"
"1234","1234","弘"
"1235","1235","強"
"1236","1236","弱"
"1237","1237","沸"
"1238","1238","費"
"1239","1239","第"
"1240","1240","弟"
"1241","1241","巧"
"1242","1242","号"
"1243","1243","朽"
"1244","1244","誇"
"1245","1245","汚"
"1246","1246","与"
"1247","1247","写"
"1248","1248","身"
"1249","1249","射"
"1250","1250","謝"
"1251","1251","老"
"1252","1252","考"
"1253","1253","孝"
"1254","1254","教"
"1255","1255","拷"
"1256","1256","者"
"1257","1257","煮"
"1258","1258","著"
"1259","1259","署"
"1260","1260","暑"
"1261","1261","諸"
"1262","1262","猪"
"1263","1263","渚"
"1264","1264","賭"
"1265","1265","峡"
"1266","1266","狭"
"1267","1267","挟"
"1268","1268","追"
"1269","1269","師"
"1270","1270","帥"
"1271","1271","官"
"1272","1272","棺"
"1273","1273","管"
"1274","1274","父"
"1275","1275","交"
"1276","1276","効"
"1277","1277","較"
"1278","1278","校"
"1279","1279","足"
"1280","1280","促"
"1281","1281","距"
"1282","1282","路"
"1283","1283","露"
"1284","1284","跳"
"1285","1285","躍"
"1286","1286","践"
"1287","1287","踏"
"1288","1288","骨"
"1289","1289","滑"
"1290","1290","髄"
"1291","1291","禍"
"1292","1292","渦"
"1293","1293","過"
"1294","1294","阪"
"1295","1295","阿"
"1296","1296","際"
"1297","1297","障"
"1298","1298","随"
"1299","1299","陪"
"1300","1300","陽"
"1301","1301","陳"
"1302","1302","防"
"1303","1303","附"
"1304","1304","院"
"1305","1305","陣"
"1306","1306","隊"
"1307","1307","墜"
"1308","1308","降"
"1309","1309","階"
"1310","1310","陛"
"1311","1311","隣"
"1312","1312","隔"
"1313","1313","隠"
"1314","1314","堕"
"1315","1315","陥"
"1316","1316","穴"
"1317","1317","空"
"1318","1318","控"
"1319","1319","突"
"1320","1320","究"
"1321","1321","窒"
"1322","1322","窃"
"1323","1323","窪"
"1324","1324","搾"
"1325","1325","窯"
"1326","1326","窮"
"1327","1327","探"
"1328","1328","深"
"1329","1329","丘"
"1330","1330","岳"
"1331","1331","兵"
"1332","1332","浜"
"1333","1333","糸"
"1334","1334","織"
"1335","1335","繕"
"1336","1336","縮"
"1337","1337","繁"
"1338","1338","縦"
"1339","1339","線"
"1340","1340","締"
"1341","1341","維"
"1342","1342","羅"
"1343","1343","練"
"1344","1344","緒"
"1345","1345","続"
"1346","1346","絵"
"1347","1347","統"
"1348","1348","絞"
"1349","1349","給"
"1350","1350","絡"
"1351","1351","結"
"1352","1352","終"
"1353","1353","級"
"1354","1354","紀"
"1355","1355","紅"
"1356","1356","納"
"1357","1357","紡"
"1358","1358","紛"
"1359","1359","紹"
"1360","1360","経"
"1361","1361","紳"
"1362","1362","約"
"1363","1363","細"
"1364","1364","累"
"1365","1365","索"
"1366","1366","総"
"1367","1367","綿"
"1368","1368","絹"
"1369","1369","繰"
"1370","1370","継"
"1371","1371","緑"
"1372","1372","縁"
"1373","1373","網"
"1374","1374","緊"
"1375","1375","紫"
"1376","1376","縛"
"1377","1377","縄"
"1378","1378","幼"
"1379","1379","後"
"1380","1380","幽"
"1381","1381","幾"
"1382","1382","機"
"1383","1383","玄"
"1384","1384","畜"
"1385","1385","蓄"
"1386","1386","弦"
"1387","1387","擁"
"1388","1388","滋"
"1389","1389","慈"
"1390","1390","磁"
"1391","1391","系"
"1392","1392","係"
"1393","1393","孫"
"1394","1394","懸"
"1395","1395","却"
"1396","1396","脚"
"1397","1397","卸"
"1398","1398","御"
"1399","1399","服"
"1400","1400","命"
"1401","1401","令"
"1402","1402","零"
"1403","1403","齢"
"1404","1404","冷"
"1405","1405","領"
"1406","1406","鈴"
"1407","1407","勇"
"1408","1408","通"
"1409","1409","踊"
"1410","1410","疑"
"1411","1411","擬"
"1412","1412","凝"
"1413","1413","範"
"1414","1414","犯"
"1415","1415","厄"
"1416","1416","危"
"1417","1417","宛"
"1418","1418","腕"
"1419","1419","苑"
"1420","1420","怨"
"1421","1421","柳"
"1422","1422","卵"
"1423","1423","留"
"1424","1424","貿"
"1425","1425","印"
"1426","1426","興"
"1427","1427","酉"
"1428","1428","酒"
"1429","1429","酌"
"1430","1430","酵"
"1431","1431","酷"
"1432","1432","酬"
"1433","1433","酪"
"1434","1434","酢"
"1435","1435","酔"
"1436","1436","配"
"1437","1437","酸"
"1438","1438","猶"
"1439","1439","尊"
"1440","1440","豆"
"1441","1441","頭"
"1442","1442","短"
"1443","1443","豊"
"1444","1444","鼓"
"1445","1445","喜"
"1446","1446","樹"
"1447","1447","皿"
"1448","1448","血"
"1449","1449","盆"
"1450","1450","盟"
"1451","1451","盗"
"1452","1452","温"
"1453","1453","監"
"1454","1454","濫"
"1455","1455","鑑"
"1456","1456","猛"
"1457","1457","盛"
"1458","1458","塩"
"1459","1459","銀"
"1460","1460","恨"
"1461","1461","根"
"1462","1462","即"
"1463","1463","爵"
"1464","1464","節"
"1465","1465","退"
"1466","1466","限"
"1467","1467","眼"
"1468","1468","良"
"1469","1469","朗"
"1470","1470","浪"
"1471","1471","娘"
"1472","1472","食"
"1473","1473","飯"
"1474","1474","飲"
"1475","1475","飢"
"1476","1476","餓"
"1477","1477","飾"
"1478","1478","館"
"1479","1479","養"
"1480","1480","飽"
"1481","1481","既"
"1482","1482","概"
"1483","1483","慨"
"1484","1484","平"
"1485","1485","呼"
"1486","1486","坪"
"1487","1487","評"
"1488","1488","刈"
"1489","1489","希"
"1490","1490","凶"
"1491","1491","胸"
"1492","1492","離"
"1493","1493","殺"
"1494","1494","純"
"1495","1495","鈍"
"1496","1496","辛"
"1497","1497","辞"
"1498","1498","梓"
"1499","1499","宰"
"1500","1500","壁"
"1501","1501","避"
"1502","1502","新"
"1503","1503","薪"
"1504","1504","親"
"1505","1505","幸"
"1506","1506","執"
"1507","1507","報"
"1508","1508","叫"
"1509","1509","糾"
"1510","1510","収"
"1511","1511","卑"
"1512","1512","碑"
"1513","1513","陸"
"1514","1514","睦"
"1515","1515","勢"
"1516","1516","熱"
"1517","1517","菱"
"1518","1518","陵"
"1519","1519","亥"
"1520","1520","核"
"1521","1521","刻"
"1522","1522","該"
"1523","1523","劾"
"1524","1524","述"
"1525","1525","術"
"1526","1526","寒"
"1527","1527","醸"
"1528","1528","譲"
"1529","1529","壌"
"1530","1530","嬢"
"1531","1531","毒"
"1532","1532","素"
"1533","1533","麦"
"1534","1534","青"
"1535","1535","精"
"1536","1536","請"
"1537","1537","情"
"1538","1538","晴"
"1539","1539","清"
"1540","1540","静"
"1541","1541","責"
"1542","1542","績"
"1543","1543","積"
"1544","1544","債"
"1545","1545","漬"
"1546","1546","表"
"1547","1547","俵"
"1548","1548","潔"
"1549","1549","契"
"1550","1550","喫"
"1551","1551","害"
"1552","1552","轄"
"1553","1553","割"
"1554","1554","憲"
"1555","1555","生"
"1556","1556","星"
"1557","1557","姓"
"1558","1558","性"
"1559","1559","牲"
"1560","1560","産"
"1561","1561","隆"
"1562","1562","峰"
"1563","1563","縫"
"1564","1564","拝"
"1565","1565","寿"
"1566","1566","鋳"
"1567","1567","籍"
"1568","1568","春"
"1569","1569","椿"
"1570","1570","泰"
"1571","1571","奏"
"1572","1572","実"
"1573","1573","奉"
"1574","1574","俸"
"1575","1575","棒"
"1576","1576","謹"
"1577","1577","勤"
"1578","1578","漢"
"1579","1579","嘆"
"1580","1580","難"
"1581","1581","華"
"1582","1582","垂"
"1583","1583","睡"
"1584","1584","錘"
"1585","1585","乗"
"1586","1586","剰"
"1587","1587","今"
"1588","1588","含"
"1589","1589","吟"
"1590","1590","念"
"1591","1591","琴"
"1592","1592","陰"
"1593","1593","予"
"1594","1594","序"
"1595","1595","預"
"1596","1596","野"
"1597","1597","兼"
"1598","1598","嫌"
"1599","1599","鎌"
"1600","1600","謙"
"1601","1601","廉"
"1602","1602","西"
"1603","1603","価"
"1604","1604","要"
"1605","1605","腰"
"1606","1606","票"
"1607","1607","漂"
"1608","1608","標"
"1609","1609","栗"
"1610","1610","遷"
"1611","1611","覆"
"1612","1612","煙"
"1613","1613","南"
"1614","1614","楠"
"1615","1615","献"
"1616","1616","門"
"1617","1617","問"
"1618","1618","閲"
"1619","1619","閥"
"1620","1620","間"
"1621","1621","簡"
"1622","1622","開"
"1623","1623","閉"
"1624","1624","閣"
"1625","1625","閑"
"1626","1626","聞"
"1627","1627","潤"
"1628","1628","欄"
"1629","1629","闘"
"1630","1630","倉"
"1631","1631","創"
"1632","1632","非"
"1633","1633","俳"
"1634","1634","排"
"1635","1635","悲"
"1636","1636","罪"
"1637","1637","輩"
"1638","1638","扉"
"1639","1639","侯"
"1640","1640","候"
"1641","1641","決"
"1642","1642","快"
"1643","1643","偉"
"1644","1644","違"
"1645","1645","緯"
"1646","1646","衛"
"1647","1647","韓"
"1648","1648","干"
"1649","1649","肝"
"1650","1650","刊"
"1651","1651","汗"
"1652","1652","軒"
"1653","1653","岸"
"1654","1654","幹"
"1655","1655","芋"
"1656","1656","宇"
"1657","1657","余"
"1658","1658","除"
"1659","1659","徐"
"1660","1660","叙"
"1661","1661","途"
"1662","1662","斜"
"1663","1663","塗"
"1664","1664","束"
"1665","1665","頼"
"1666","1666","瀬"
"1667","1667","勅"
"1668","1668","疎"
"1669","1669","速"
"1670","1670","整"
"1671","1671","剣"
"1672","1672","険"
"1673","1673","検"
"1674","1674","倹"
"1675","1675","重"
"1676","1676","動"
"1677","1677","勲"
"1678","1678","働"
"1679","1679","種"
"1680","1680","衝"
"1681","1681","薫"
"1682","1682","病"
"1683","1683","痴"
"1684","1684","痘"
"1685","1685","症"
"1686","1686","疾"
"1687","1687","痢"
"1688","1688","疲"
"1689","1689","疫"
"1690","1690","痛"
"1691","1691","癖"
"1692","1692","匿"
"1693","1693","匠"
"1694","1694","医"
"1695","1695","匹"
"1696","1696","区"
"1697","1697","枢"
"1698","1698","殴"
"1699","1699","欧"
"1700","1700","抑"
"1701","1701","仰"
"1702","1702","迎"
"1703","1703","登"
"1704","1704","澄"
"1705","1705","発"
"1706","1706","廃"
"1707","1707","僚"
"1708","1708","寮"
"1709","1709","療"
"1710","1710","彫"
"1711","1711","形"
"1712","1712","影"
"1713","1713","杉"
"1714","1714","彩"
"1715","1715","彰"
"1716","1716","彦"
"1717","1717","顔"
"1718","1718","須"
"1719","1719","膨"
"1720","1720","参"
"1721","1721","惨"
"1722","1722","修"
"1723","1723","珍"
"1724","1724","診"
"1725","1725","文"
"1726","1726","対"
"1727","1727","紋"
"1728","1728","蚊"
"1729","1729","斉"
"1730","1730","剤"
"1731","1731","済"
"1732","1732","斎"
"1733","1733","粛"
"1734","1734","塁"
"1735","1735","楽"
"1736","1736","薬"
"1737","1737","率"
"1738","1738","渋"
"1739","1739","摂"
"1740","1740","央"
"1741","1741","英"
"1742","1742","映"
"1743","1743","赤"
"1744","1744","赦"
"1745","1745","変"
"1746","1746","跡"
"1747","1747","蛮"
"1748","1748","恋"
"1749","1749","湾"
"1750","1750","黄"
"1751","1751","横"
"1752","1752","把"
"1753","1753","色"
"1754","1754","絶"
"1755","1755","艶"
"1756","1756","肥"
"1757","1757","甘"
"1758","1758","紺"
"1759","1759","某"
"1760","1760","謀"
"1761","1761","媒"
"1762","1762","欺"
"1763","1763","棋"
"1764","1764","旗"
"1765","1765","期"
"1766","1766","碁"
"1767","1767","基"
"1768","1768","甚"
"1769","1769","勘"
"1770","1770","堪"
"1771","1771","貴"
"1772","1772","遺"
"1773","1773","遣"
"1774","1774","舞"
"1775","1775","無"
"1776","1776","組"
"1777","1777","粗"
"1778","1778","租"
"1779","1779","祖"
"1780","1780","阻"
"1781","1781","査"
"1782","1782","助"
"1783","1783","宜"
"1784","1784","畳"
"1785","1785","並"
"1786","1786","普"
"1787","1787","譜"
"1788","1788","湿"
"1789","1789","顕"
"1790","1790","繊"
"1791","1791","霊"
"1792","1792","業"
"1793","1793","撲"
"1794","1794","僕"
"1795","1795","共"
"1796","1796","供"
"1797","1797","異"
"1798","1798","翼"
"1799","1799","洪"
"1800","1800","港"
"1801","1801","暴"
"1802","1802","爆"
"1803","1803","恭"
"1804","1804","選"
"1805","1805","殿"
"1806","1806","井"
"1807","1807","囲"
"1808","1808","耕"
"1809","1809","亜"
"1810","1810","悪"
"1811","1811","円"
"1812","1812","角"
"1813","1813","触"
"1814","1814","解"
"1815","1815","再"
"1816","1816","講"
"1817","1817","購"
"1818","1818","構"
"1819","1819","溝"
"1820","1820","論"
"1821","1821","倫"
"1822","1822","輪"
"1823","1823","偏"
"1824","1824","遍"
"1825","1825","編"
"1826","1826","冊"
"1827","1827","典"
"1828","1828","氏"
"1829","1829","紙"
"1830","1830","婚"
"1831","1831","低"
"1832","1832","抵"
"1833","1833","底"
"1834","1834","民"
"1835","1835","眠"
"1836","1836","捕"
"1837","1837","浦"
"1838","1838","蒲"
"1839","1839","舗"
"1840","1840","補"
"1841","1841","邸"
"1842","1842","郭"
"1843","1843","郡"
"1844","1844","郊"
"1845","1845","部"
"1846","1846","都"
"1847","1847","郵"
"1848","1848","邦"
"1849","1849","郷"
"1850","1850","響"
"1851","1851","郎"
"1852","1852","廊"
"1853","1853","盾"
"1854","1854","循"
"1855","1855","派"
"1856","1856","脈"
"1857","1857","衆"
"1858","1858","逓"
"1859","1859","段"
"1860","1860","鍛"
"1861","1861","后"
"1862","1862","幻"
"1863","1863","司"
"1864","1864","伺"
"1865","1865","詞"
"1866","1866","飼"
"1867","1867","嗣"
"1868","1868","舟"
"1869","1869","舶"
"1870","1870","航"
"1871","1871","般"
"1872","1872","盤"
"1873","1873","搬"
"1874","1874","船"
"1875","1875","艦"
"1876","1876","艇"
"1877","1877","瓜"
"1878","1878","弧"
"1879","1879","孤"
"1880","1880","繭"
"1881","1881","益"
"1882","1882","暇"
"1883","1883","敷"
"1884","1884","来"
"1885","1885","気"
"1886","1886","汽"
"1887","1887","飛"
"1888","1888","沈"
"1889","1889","妻"
"1890","1890","衰"
"1891","1891","衷"
"1892","1892","面"
"1893","1893","革"
"1894","1894","靴"
"1895","1895","覇"
"1896","1896","声"
"1897","1897","呉"
"1898","1898","娯"
"1899","1899","誤"
"1900","1900","蒸"
"1901","1901","承"
"1902","1902","函"
"1903","1903","極"
"1904","1904","牙"
"1905","1905","芽"
"1906","1906","邪"
"1907","1907","雅"
"1908","1908","釈"
"1909","1909","番"
"1910","1910","審"
"1911","1911","翻"
"1912","1912","藩"
"1913","1913","毛"
"1914","1914","耗"
"1915","1915","尾"
"1916","1916","宅"
"1917","1917","託"
"1918","1918","為"
"1919","1919","偽"
"1920","1920","長"
"1921","1921","張"
"1922","1922","帳"
"1923","1923","脹"
"1924","1924","髪"
"1925","1925","展"
"1926","1926","喪"
"1927","1927","巣"
"1928","1928","単"
"1929","1929","戦"
"1930","1930","禅"
"1931","1931","弾"
"1932","1932","桜"
"1933","1933","獣"
"1934","1934","脳"
"1935","1935","悩"
"1936","1936","厳"
"1937","1937","鎖"
"1938","1938","挙"
"1939","1939","誉"
"1940","1940","猟"
"1941","1941","鳥"
"1942","1942","鳴"
"1943","1943","鶴"
"1944","1944","烏"
"1945","1945","蔦"
"1946","1946","鳩"
"1947","1947","鶏"
"1948","1948","島"
"1949","1949","暖"
"1950","1950","媛"
"1951","1951","援"
"1952","1952","緩"
"1953","1953","属"
"1954","1954","嘱"
"1955","1955","偶"
"1956","1956","遇"
"1957","1957","愚"
"1958","1958","隅"
"1959","1959","逆"
"1960","1960","塑"
"1961","1961","岡"
"1962","1962","鋼"
"1963","1963","綱"
"1964","1964","剛"
"1965","1965","缶"
"1966","1966","陶"
"1967","1967","揺"
"1968","1968","謡"
"1969","1969","就"
"1970","1970","懇"
"1971","1971","墾"
"1972","1972","免"
"1973","1973","逸"
"1974","1974","晩"
"1975","1975","勉"
"1976","1976","象"
"1977","1977","像"
"1978","1978","馬"
"1979","1979","駒"
"1980","1980","験"
"1981","1981","騎"
"1982","1982","駐"
"1983","1983","駆"
"1984","1984","駅"
"1985","1985","騒"
"1986","1986","駄"
"1987","1987","驚"
"1988","1988","篤"
"1989","1989","騰"
"1990","1990","虎"
"1991","1991","虜"
"1992","1992","膚"
"1993","1993","虚"
"1994","1994","戯"
"1995","1995","虞"
"1996","1996","慮"
"1997","1997","劇"
"1998","1998","虐"
"1999","1999","鹿"
"2000","2000","薦"
"2001","2001","慶"
"2002","2002","麗"
"2003","2003","熊"
"2004","2004","能"
"2005","2005","態"
"2006","2006","寅"
"2007","2007","演"
"2008","2008","辰"
"2009","2009","辱"
"2010","2010","震"
"2011","2011","振"
"2012","2012","娠"
"2013","2013","唇"
"2014","2014","農"
"2015","2015","濃"
"2016","2016","送"
"2017","2017","関"
"2018","2018","咲"
"2019","2019","鬼"
"2020","2020","醜"
"2021","2021","魂"
"2022","2022","魔"
"2023","2023","魅"
"2024","2024","塊"
"2025","2025","襲"
"2026","2026","嚇"
"2027","2027","朕"
"2028","2028","雰"
"2029","2029","箇"
"2030","2030","錬"
"2031","2031","遵"
"2032","2032","罷"
"2033","2033","屯"
"2034","2034","且"
"2035","2035","藻"
"2036","2036","隷"
"2037","2037","癒"
"2038","2038","丹"
"2039","2039","潟"
"2040","2040","丑"
"2041","2041","卯"
"2042","2042","巳"
"2043","2048","璃"
"2044","2058","俺"
"2045","2063","臼"
"2046","2067","毀"
"2047","2071","脊"
"2048","2075","璽"
"2049","2078","妖"
"2050","2079","沃"
"2051","2088","稽"
"2052","2090","采"
"2053","2092","斬"
"2054","2101","巾"
"2055","2116","僅"
"2056","2121","侶"
"2057","2122","伎"
"2058","2133","凄"
"2059","2137","冶"
"2060","2144","刹"
"2061","2145","剥・剝"
"2062","2147","匂"
"2063","2148","勾"
"2064","2155","嘲"
"2065","2159","咽"
"2066","2164","喉"
"2067","2165","唾"
"2068","2169","呪"
"2069","2178","唄"
"2070","2179","叱"
"2071","2185","堆"
"2072","2190","填・塡"
"2073","2195","妬"
"2074","2202","嫉"
"2075","2214","塞"
"2076","2220","尻"
"2077","2227","崖"
"2078","2241","弥"
"2079","2248","挨"
"2080","2251","捻"
"2081","2254","拭"
"2082","2260","捉"
"2083","2261","拶"
"2084","2269","捗"
"2085","2280","憧"
"2086","2284","湧"
"2087","2296","沙"
"2088","2298","淫"
"2089","2301","氾"
"2090","2308","溺"
"2091","2316","汰"
"2092","2319","潰"
"2093","2327","汎"
"2094","2332","釜"
"2095","2344","狙"
"2096","2355","萎"
"2097","2358","蔽"
"2098","2368","芯"
"2099","2371","藍"
"2100","2373","苛"
"2101","2388","蓋"
"2102","2390","蔑"
"2103","2398","葛"
"2104","2422","遜"
"2105","2426","隙"
"2106","2437","曖"
"2107","2445","昧"
"2108","2450","旺"
"2109","2453","腎"
"2110","2454","股"
"2111","2460","臆"
"2112","2461","膝"
"2113","2464","肘"
"2114","2466","腺"
"2115","2467","腫"
"2116","2468","膳"
"2117","2472","枕"
"2118","2480","椅"
"2119","2481","柿"
"2120","2483","桁"
"2121","2498","梗"
"2122","2505","椎"
"2123","2507","柵"
"2124","2548","煎"
"2125","2555","瑠"
"2126","2556","斑"
"2127","2558","弄"
"2128","2567","玩"
"2129","2569","畏"
"2130","2577","痩"
"2131","2578","痕"
"2132","2582","瞭"
"2133","2583","眉"
"2134","2615","窟"
"2135","2624","裾"
"2136","2638","篭・籠"
"2137","2640","箸"
"2138","2670","綻"
"2139","2675","舷"
"2140","2687","蜂"
"2141","2699","罵"
"2142","2702","戴"
"2143","2709","謎"
"2144","2712","誰"
"2145","2715","詣"
"2146","2716","諦"
"2147","2717","詮"
"2148","2733","貌"
"2149","2736","貼"
"2150","2738","賂"
"2151","2742","蹴"
"2152","2748","酎"
"2153","2750","醒"
"2154","2752","麺"
"2155","2757","鍋"
"2156","2761","鍵"
"2157","2777","闇"
"2158","2788","頓"
"2159","2791","頃"
"2160","2792","頬・頰"
"2161","2795","顎"
"2162","2797","餌"
"2163","2802","餅"
"2164","2839","麓"
"2165","2841","冥"
"2166","2845","挫"
"2167","2847","遡"
"2168","2855","爽"
"2169","2858","勃"
"2170","2874","骸"
"2171","2882","戚"
"2172","2884","丼"
"2173","2887","畿"
"2174","2917","拳"
"2175","2928","阜"
"2176","2960","那"
"2177","2991","箋・䇳"
"2178","2997","彙"
"2179","3008","嗅"
"2180","3009","喩・喻"
"2181","3010","訃"
"2182","3011","楷"
"2183","3012","諧"
"2184","3013","錮"
"2185","3014","恣"
"2186","3015","惧"
"2187","3016","憬"
"2188","3017","拉"
"2189","3018","傲"
"2190","3019","踪"
"2191","3020","緻"
"2192","3021","璧"
"2193","3022","摯"
"2194","3023","貪"
"2195","3024","慄"
"2196","3025","辣"
"2197","3026","瘍"
"2198","3027","哺"
"2199","3030","鬱"
"2200","3029","羞"
"2201","2043","此"
"2202","2044","柴"
"2203","2045","砦"
"2204","2046","些"
"2205","2047","髭"
"2206","2049","禽"
"2207","2050","檎"
"2208","2051","憐"
"2209","2052","燐"
"2210","2053","麟"
"2211","2054","鱗"
"2212","2055","奄"
"2213","2056","庵"
"2214","2057","掩"
"2215","2059","悛"
"2216","2060","駿"
"2217","2061","峻"
"2218","2062","竣"
"2219","2064","舅"
"2220","2065","鼠"
"2221","2066","鑿"
"2222","2068","艘"
"2223","2069","犀"
"2224","2070","皐"
"2225","2072","畷"
"2226","2073","綴"
"2227","2074","爾"
"2228","2076","鎧"
"2229","2077","凱"
"2230","2080","呑"
"2231","2081","韮"
"2232","2082","籤"
"2233","2083","懺"
"2234","2084","芻"
"2235","2085","雛"
"2236","2086","趨"
"2237","2087","尤"
"2238","2089","厖"
"2239","2091","或"
"2240","2093","兎"
"2241","2094","也"
"2242","2095","尭"
"2243","2096","巴"
"2244","2097","甫"
"2245","2098","疋"
"2246","2099","菫"
"2247","2100","曼"
"2248","2102","云"
"2249","2103","卜"
"2250","2104","喬"
"2251","2105","莫"
"2252","2106","倭"
"2253","2107","侠"
"2254","2108","倦"
"2255","2109","佼"
"2256","2110","俄"
"2257","2111","佃"
"2258","2112","伶"
"2259","2113","仔"
"2260","2114","仇"
"2261","2115","伽"
"2262","2117","僻"
"2263","2118","儲"
"2264","2119","倖"
"2265","2120","僑"
"2266","2123","侃"
"2267","2124","倶"
"2268","2125","侭"
"2269","2126","佑"
"2270","2127","俣"
"2271","2128","傭"
"2272","2129","偲"
"2273","2130","脩"
"2274","2131","倅"
"2275","2132","做"
"2276","2134","冴"
"2277","2135","凋"
"2278","2136","凌"
"2279","2138","凛"
"2280","2139","凧"
"2281","2140","凪"
"2282","2141","夙"
"2283","2142","鳳"
"2284","2143","劉"
"2285","2146","剃"
"2286","2149","厭"
"2287","2150","雁"
"2288","2151","贋"
"2289","2152","厨"
"2290","2153","仄"
"2291","2154","哨"
"2292","2156","咎"
"2293","2157","囁"
"2294","2158","喋"
"2295","2160","嘩"
"2296","2161","噂"
"2297","2162","咳"
"2298","2163","喧"
"2299","2166","叩"
"2300","2167","嘘"
"2301","2168","啄"
"2302","2170","吠"
"2303","2171","吊"
"2304","2172","噛"
"2305","2173","叶"
"2306","2174","吻"
"2307","2175","吃"
"2308","2176","噺"
"2309","2177","噌"
"2310","2180","邑"
"2311","2181","呆"
"2312","2182","喰"
"2313","2183","埴"
"2314","2184","坤"
"2315","2186","壕"
"2316","2187","垢"
"2317","2188","坦"
"2318","2189","埠"
"2319","2191","堰"
"2320","2192","堵"
"2321","2193","嬰"
"2322","2194","姦"
"2323","2196","婢"
"2324","2197","婉"
"2325","2198","娼"
"2326","2199","妓"
"2327","2200","娃"
"2328","2201","姪"
"2329","2203","嬬"
"2330","2204","姥"
"2331","2205","姑"
"2332","2206","姐"
"2333","2207","嬉"
"2334","2208","孕"
"2335","2209","孜"
"2336","2210","宥"
"2337","2211","寓"
"2338","2212","宏"
"2339","2213","牢"
"2340","2215","宋"
"2341","2216","宍"
"2342","2217","屠"
"2343","2218","屁"
"2344","2219","屑"
"2345","2221","屡"
"2346","2222","屍"
"2347","2223","屏"
"2348","2224","嵩"
"2349","2225","崚"
"2350","2226","峨"
"2351","2228","嶺"
"2352","2229","嵌"
"2353","2230","嵯"
"2354","2231","帖"
"2355","2232","幡"
"2356","2233","幟"
"2357","2234","庖"
"2358","2235","廓"
"2359","2236","庇"
"2360","2237","鷹"
"2361","2238","庄"
"2362","2239","廟"
"2363","2240","彊"
"2364","2242","弛"
"2365","2243","粥"
"2366","2244","挽"
"2367","2245","撞"
"2368","2246","扮"
"2369","2247","掠"
"2370","2249","掴"
"2371","2250","捺"
"2372","2252","掻"
"2373","2253","撰"
"2374","2255","揃"
"2375","2256","捌"
"2376","2257","撹"
"2377","2258","摺"
"2378","2259","按"
"2379","2262","播"
"2380","2263","揖"
"2381","2264","托"
"2382","2265","捧"
"2383","2266","撚"
"2384","2267","挺"
"2385","2268","擾"
"2386","2270","撫"
"2387","2271","撒"
"2388","2272","擢"
"2389","2273","捷"
"2390","2274","抉"
"2391","2275","怯"
"2392","2276","惟"
"2393","2277","惚"
"2394","2278","怜"
"2395","2279","惇"
"2396","2281","恰"
"2397","2282","恢"
"2398","2283","悌"
"2399","2285","澪"
"2400","2286","洸"
"2401","2287","滉"
"2402","2288","漱"
"2403","2289","洲"
"2404","2290","洵"
"2405","2291","滲"
"2406","2292","洒"
"2407","2293","沐"
"2408","2294","泪"
"2409","2295","渾"
"2410","2297","涜"
"2411","2299","梁"
"2412","2300","澱"
"2413","2302","洛"
"2414","2303","汝"
"2415","2304","漉"
"2416","2305","瀕"
"2417","2306","濠"
"2418","2307","溌"
"2419","2309","湊"
"2420","2310","淋"
"2421","2311","浩"
"2422","2312","汀"
"2423","2313","鴻"
"2424","2314","潅"
"2425","2315","溢"
"2426","2317","湛"
"2427","2318","淳"
"2428","2320","渥"
"2429","2321","灘"
"2430","2322","汲"
"2431","2323","瀞"
"2432","2324","溜"
"2433","2325","渕"
"2434","2326","沌"
"2435","2328","濾"
"2436","2329","濡"
"2437","2330","淀"
"2438","2331","涅"
"2439","2333","斧"
"2440","2334","爺"
"2441","2335","猾"
"2442","2336","猥"
"2443","2337","狡"
"2444","2338","狸"
"2445","2339","狼"
"2446","2340","狽"
"2447","2341","狗"
"2448","2342","狐"
"2449","2343","狛"
"2450","2345","獅"
"2451","2346","狒"
"2452","2347","莨"
"2453","2348","茉"
"2454","2349","莉"
"2455","2350","苺"
"2456","2351","萩"
"2457","2352","藝"
"2458","2353","薙"
"2459","2354","蓑"
"2460","2356","苔"
"2461","2357","蕩"
"2462","2359","蔓"
"2463","2360","蓮"
"2464","2361","芙"
"2465","2362","蓉"
"2466","2363","蘭"
"2467","2364","芦"
"2468","2365","薯"
"2469","2366","菖"
"2470","2367","蕉"
"2471","2369","蕎"
"2472","2370","蕗"
"2473","2372","茄"
"2474","2374","蔭"
"2475","2375","蓬"
"2476","2376","芥"
"2477","2377","萌"
"2478","2378","葡"
"2479","2379","萄"
"2480","2380","蘇"
"2481","2381","蕃"
"2482","2382","苓"
"2483","2383","菰"
"2484","2384","蒙"
"2485","2385","茅"
"2486","2386","芭"
"2487","2387","苅"
"2488","2389","葱"
"2489","2391","葵"
"2490","2392","葺"
"2491","2393","蕊"
"2492","2394","茸"
"2493","2395","蒔"
"2494","2396","芹"
"2495","2397","苫"
"2496","2399","蒼"
"2497","2400","藁"
"2498","2401","蕪"
"2499","2402","藷"
"2500","2403","薮"
"2501","2404","蒜"
"2502","2405","蕨"
"2503","2406","蔚"
"2504","2407","茜"
"2505","2408","莞"
"2506","2409","蒐"
"2507","2410","菅"
"2508","2411","葦"
"2509","2412","迪"
"2510","2413","辿"
"2511","2414","這"
"2512","2415","迂"
"2513","2416","遁"
"2514","2417","逢"
"2515","2418","遥"
"2516","2419","遼"
"2517","2420","逼"
"2518","2421","迄"
"2519","2423","逗"
"2520","2424","郁"
"2521","2425","鄭"
"2522","2427","隈"
"2523","2428","憑"
"2524","2429","惹"
"2525","2430","悉"
"2526","2431","忽"
"2527","2432","惣"
"2528","2433","愈"
"2529","2434","恕"
"2530","2435","昴"
"2531","2436","晋"
"2532","2438","晟"
"2533","2439","暈"
"2534","2440","暉"
"2535","2441","旱"
"2536","2442","晏"
"2537","2443","晨"
"2538","2444","晒"
"2539","2446","晃"
"2540","2447","曝"
"2541","2448","曙"
"2542","2449","昂"
"2543","2451","昏"
"2544","2452","晦"
"2545","2455","膿"
"2546","2456","腑"
"2547","2457","胱"
"2548","2458","胚"
"2549","2459","肛"
"2550","2462","脆"
"2551","2463","肋"
"2552","2465","腔"
"2553","2469","肱"
"2554","2470","胡"
"2555","2471","楓"
"2556","2473","楊"
"2557","2474","椋"
"2558","2475","榛"
"2559","2476","櫛"
"2560","2477","槌"
"2561","2478","樵"
"2562","2479","梯"
"2563","2482","柑"
"2564","2484","杭"
"2565","2485","柊"
"2566","2486","柚"
"2567","2487","椀"
"2568","2488","栂"
"2569","2489","柾"
"2570","2490","榊"
"2571","2491","樫"
"2572","2492","槙"
"2573","2493","楢"
"2574","2494","橘"
"2575","2495","桧"
"2576","2496","棲"
"2577","2497","栖"
"2578","2499","桔"
"2579","2500","杜"
"2580","2501","杷"
"2581","2502","梶"
"2582","2503","杵"
"2583","2504","杖"
"2584","2506","樽"
"2585","2508","櫓"
"2586","2509","橿"
"2587","2510","杓"
"2588","2511","李"
"2589","2512","棉"
"2590","2513","楯"
"2591","2514","榎"
"2592","2515","樺"
"2593","2516","槍"
"2594","2517","柘"
"2595","2518","梱"
"2596","2519","枇"
"2597","2520","樋"
"2598","2521","橇"
"2599","2522","槃"
"2600","2523","栞"
"2601","2524","椰"
"2602","2525","檀"
"2603","2526","樗"
"2604","2527","槻"
"2605","2528","椙"
"2606","2529","彬"
"2607","2530","桶"
"2608","2531","楕"
"2609","2532","樒"
"2610","2533","毬"
"2611","2534","燿"
"2612","2535","燎"
"2613","2536","炬"
"2614","2537","焚"
"2615","2538","灸"
"2616","2539","燭"
"2617","2540","煽"
"2618","2541","煤"
"2619","2542","煉"
"2620","2543","燦"
"2621","2544","灼"
"2622","2545","烙"
"2623","2546","焔"
"2624","2547","熔"
"2625","2549","烹"
"2626","2550","牽"
"2627","2551","牝"
"2628","2552","牡"
"2629","2553","瑶"
"2630","2554","琳"
"2631","2557","琉"
"2632","2559","瑳"
"2633","2560","琢"
"2634","2561","珊"
"2635","2562","瑚"
"2636","2563","瑞"
"2637","2564","珪"
"2638","2565","玖"
"2639","2566","瑛"
"2640","2568","玲"
"2641","2570","畢"
"2642","2571","畦"
"2643","2572","痒"
"2644","2573","痰"
"2645","2574","疹"
"2646","2575","痔"
"2647","2576","癌"
"2648","2579","痺"
"2649","2580","眸"
"2650","2581","眩"
"2651","2584","雉"
"2652","2585","矩"
"2653","2586","磐"
"2654","2587","碇"
"2655","2588","碧"
"2656","2589","硯"
"2657","2590","砥"
"2658","2591","碗"
"2659","2592","碍"
"2660","2593","碩"
"2661","2594","磯"
"2662","2595","砺"
"2663","2596","碓"
"2664","2597","禦"
"2665","2598","祷"
"2666","2599","祐"
"2667","2600","祇"
"2668","2601","祢"
"2669","2602","禄"
"2670","2603","禎"
"2671","2604","秤"
"2672","2605","黍"
"2673","2606","禿"
"2674","2607","稔"
"2675","2608","稗"
"2676","2609","穣"
"2677","2610","稜"
"2678","2611","稀"
"2679","2612","穆"
"2680","2613","窺"
"2681","2614","窄"
"2682","2616","穿"
"2683","2617","竃"
"2684","2618","竪"
"2685","2619","颯"
"2686","2620","站"
"2687","2621","靖"
"2688","2622","妾"
"2689","2623","衿"
"2690","2625","袷"
"2691","2626","袴"
"2692","2627","襖"
"2693","2628","笙"
"2694","2629","筏"
"2695","2630","簾"
"2696","2631","箪"
"2697","2632","竿"
"2698","2633","箆"
"2699","2634","箔"
"2700","2635","笥"
"2701","2636","箭"
"2702","2637","筑"
"2703","2639","篠"
"2704","2641","纂"
"2705","2642","竺"
"2706","2643","箕"
"2707","2644","笈"
"2708","2645","篇"
"2709","2646","筈"
"2710","2647","簸"
"2711","2648","粕"
"2712","2649","糟"
"2713","2650","糊"
"2714","2651","籾"
"2715","2652","糠"
"2716","2653","糞"
"2717","2654","粟"
"2718","2655","繋"
"2719","2656","綸"
"2720","2657","絨"
"2721","2658","絆"
"2722","2659","緋"
"2723","2660","綜"
"2724","2661","紐"
"2725","2662","紘"
"2726","2663","纏"
"2727","2664","絢"
"2728","2665","繍"
"2729","2666","紬"
"2730","2667","綺"
"2731","2668","綾"
"2732","2669","絃"
"2733","2671","縞"
"2734","2672","綬"
"2735","2673","紗"
"2736","2674","舵"
"2737","2676","聯"
"2738","2677","聡"
"2739","2678","聘"
"2740","2679","耽"
"2741","2680","耶"
"2742","2681","蚤"
"2743","2682","蟹"
"2744","2683","蛋"
"2745","2684","蟄"
"2746","2685","蝿"
"2747","2686","蟻"
"2748","2688","蝋"
"2749","2689","蝦"
"2750","2690","蛸"
"2751","2691","螺"
"2752","2692","蝉"
"2753","2693","蛙"
"2754","2694","蛾"
"2755","2695","蛤"
"2756","2696","蛭"
"2757","2697","蛎"
"2758","2698","罫"
"2759","2700","袈"
"2760","2701","裟"
"2761","2703","截"
"2762","2704","哉"
"2763","2705","詢"
"2764","2706","諄"
"2765","2707","讐"
"2766","2708","諌"
"2767","2710","諒"
"2768","2711","讃"
"2769","2713","訊"
"2770","2714","訣"
"2771","2718","詑"
"2772","2719","誼"
"2773","2720","謬"
"2774","2721","詫"
"2775","2722","諏"
"2776","2723","諺"
"2777","2724","誹"
"2778","2725","謂"
"2779","2726","諜"
"2780","2727","註"
"2781","2728","譬"
"2782","2729","轟"
"2783","2730","輔"
"2784","2731","輻"
"2785","2732","輯"
"2786","2734","豹"
"2787","2735","賎"
"2788","2737","貰"
"2789","2739","賑"
"2790","2740","躓"
"2791","2741","蹄"
"2792","2743","蹟"
"2793","2744","跨"
"2794","2745","跪"
"2795","2746","醤"
"2796","2747","醍"
"2797","2749","醐"
"2798","2751","醇"
"2799","2753","麹"
"2800","2754","釦"
"2801","2755","銚"
"2802","2756","鋤"
"2803","2758","鏑"
"2804","2759","鋸"
"2805","2760","錐"
"2806","2762","鍬"
"2807","2763","鋲"
"2808","2764","錫"
"2809","2765","錨"
"2810","2766","釘"
"2811","2767","鑓"
"2812","2768","鋒"
"2813","2769","鎚"
"2814","2770","鉦"
"2815","2771","錆"
"2816","2772","鍾"
"2817","2773","鋏"
"2818","2774","閃"
"2819","2775","悶"
"2820","2776","閤"
"2821","2778","雫"
"2822","2779","霞"
"2823","2780","翰"
"2824","2781","斡"
"2825","2782","鞍"
"2826","2783","鞭"
"2827","2784","鞘"
"2828","2785","鞄"
"2829","2786","靭"
"2830","2787","鞠"
"2831","2789","顛"
"2832","2790","穎"
"2833","2793","頗"
"2834","2794","頌"
"2835","2796","頚"
"2836","2798","餐"
"2837","2799","饗"
"2838","2800","蝕"
"2839","2801","飴"
"2840","2803","駕"
"2841","2804","騨"
"2842","2805","馳"
"2843","2806","騙"
"2844","2807","馴"
"2845","2808","駁"
"2846","2809","駈"
"2847","2810","驢"
"2848","2811","鰻"
"2849","2812","鯛"
"2850","2813","鰯"
"2851","2814","鱒"
"2852","2815","鮭"
"2853","2816","鮪"
"2854","2817","鮎"
"2855","2818","鯵"
"2856","2819","鱈"
"2857","2820","鯖"
"2858","2821","鮫"
"2859","2822","鰹"
"2860","2823","鰍"
"2861","2824","鰐"
"2862","2825","鮒"
"2863","2826","鮨"
"2864","2827","鰭"
"2865","2828","鴎"
"2866","2829","鵬"
"2867","2830","鸚"
"2868","2831","鵡"
"2869","2832","鵜"
"2870","2833","鷺"
"2871","2834","鷲"
"2872","2835","鴨"
"2873","2836","鳶"
"2874","2837","梟"
"2875","2838","塵"
"2876","2840","麒"
"2877","2842","瞑"
"2878","2843","暝"
"2879","2844","坐"
"2880","2846","朔"
"2881","2848","曳"
"2882","2849","洩"
"2883","2850","彗"
"2884","2851","慧"
"2885","2852","嘉"
"2886","2853","兇"
"2887","2854","兜"
"2888","2856","欝"
"2889","2857","劫"
"2890","2859","歎"
"2891","2860","輿"
"2892","2861","巽"
"2893","2862","歪"
"2894","2863","翠"
"2895","2864","黛"
"2896","2865","鼎"
"2897","2866","鹵"
"2898","2867","鹸"
"2899","2868","虔"
"2900","2869","燕"
"2901","2870","嘗"
"2902","2871","殆"
"2903","2872","孟"
"2904","2873","牌"
"2905","2875","覗"
"2906","2876","彪"
"2907","2877","秦"
"2908","2878","雀"
"2909","2879","隼"
"2910","2880","耀"
"2911","2881","夷"
"2912","2883","嚢"
"2913","2885","暢"
"2914","2886","廻"
"2915","2888","欣"
"2916","2889","毅"
"2917","2890","斯"
"2918","2891","匙"
"2919","2892","匡"
"2920","2893","肇"
"2921","2894","麿"
"2922","2895","叢"
"2923","2896","肴"
"2924","2897","斐"
"2925","2898","卿"
"2926","2899","翫"
"2927","2900","於"
"2928","2901","套"
"2929","2902","叛"
"2930","2903","尖"
"2931","2904","壷"
"2932","2905","叡"
"2933","2906","酋"
"2934","2907","鴬"
"2935","2908","赫"
"2936","2909","臥"
"2937","2910","甥"
"2938","2911","瓢"
"2939","2912","琵"
"2940","2913","琶"
"2941","2914","叉"
"2942","2915","舜"
"2943","2916","畠"
"2944","2918","圃"
"2945","2919","丞"
"2946","2920","亮"
"2947","2921","胤"
"2948","2922","疏"
"2949","2923","膏"
"2950","2924","魁"
"2951","2925","馨"
"2952","2926","牒"
"2953","2927","瞥"
"2954","2929","睾"
"2955","2930","巫"
"2956","2931","敦"
"2957","2932","奎"
"2958","2933","翔"
"2959","2934","皓"
"2960","2935","黎"
"2961","2936","赳"
"2962","2937","已"
"2963","2938","棘"
"2964","2939","聚"
"2965","2940","甦"
"2966","2941","剪"
"2967","2942","躾"
"2968","2943","夥"
"2969","2944","鼾"
"2970","2945","祟"
"2971","2946","粁"
"2972","2947","糎"
"2973","2948","粍"
"2974","2949","噸"
"2975","2950","哩"
"2976","2951","浬"
"2977","2952","吋"
"2978","2953","呎"
"2979","2954","梵"
"2980","2955","陀"
"2981","2956","薩"
"2982","2957","菩"
"2983","2958","唖"
"2984","2959","迦"
"2985","2961","牟"
"2986","2962","珈"
"2987","2963","琲"
"2988","2964","檜"
"2989","2965","轡"
"2990","2966","淵"
"2991","2967","伍"
"2992","2968","什"
"2993","2969","萬"
"2994","2970","邁"
"2995","2971","逞"
"2996","2972","燈"
"2997","2973","裡"
"2998","2974","薗"
"2999","2975","鋪"
"3000","2976","嶋"
"3001","2977","峯"
"3002","2978","巌"
"3003","2979","埜"
"3004","2980","舘"
"3005","2981","龍"
"3006","2982","寵"
"3007","2983","聾"
"3008","2984","慾"
"3009","2985","亙"
"3010","2986","躯"
"3011","2987","嶽"
"3012","2988","國"
"3013","2989","脛"
"3014","2990","勁"
"3015","2992","祀"
"3016","2993","祓"
"3017","2994","躇"
"3018","2995","壽"
"3019","2996","躊"
"3020","2998","饅"
"3021","2999","嘔"
"3022","3000","鼈"
"3023","3001","亨"
"3024","3002","侑"
"3025","3003","梧"
"3026","3004","欽"
"3027","3005","煕"
"3028","3006","而"
"3029","3007","掟"
"3030","3028","籠"
